{
    "mgndgikekgjfcpckkfioiadnlibdjbkf" : "Chrome",
    "nmmhkkegccagdldgiimedpiccmgmieda" : "Google Wallet",
    "ahfgeienlihckogmohjhadlkjgocpleb" : "Google Store",
    "gfdkimpbcpahaombhbimeihdjnejgicl" : "Chrome FeedBack",
    "pjkljhegncpnkpknbcohdijeoejaedia" : "Gmail",
    "nkeimhogjdpnpccoofpliimaahmaaome" : "Google Hangouts",
    "coobgpohoikkiipiblmjeljniedjpjpf" : "Google Search",
    "neajdppkdcdipfabeoofebfddakdcjhd" : "Google Network Speech",
    "kmendfapggjehodndflmmgagdbamhnfd" : "Chrome Crypto Token Extension",
    "apdfllckaahabafndbhieahigkjlhalf" : "Google Drive",
    "dnhpdliibojhegemfjheidglijccjfmc" : "Google Hotword Helper",
    "bepbmhgboaologfdajaanbcjmnhjmhfn" : "Google Voice Search Hotword",
    "blpcfgokakmgnkcojhhkbfbldkacnbeo" : "Google YouTube",
    "aohghmighlieiainnegkcijnfilokake" : "Google Docs",
    "eemcgdkfndhakfknompkggombfjjjeno" : "Chrome Bookmark Manager",
    "mfehgcgbbipciphmccgaenjidiccnmng" : "Chrome Cloud Print",
    "ennkphjdgehloodpbhlhldgbnhmacadg" : "Chrome Settings",
    "pafkbggdmjlpgkdkcbjmhmfcdpncadgh" : "Google Now",
    "mfffpogegjflfpflabcdkioaeobkgjik" : "GAIA Component Extension",
}